epoch,train_acc,train_nmi,train_ari,train_f1,test_acc,test_nmi,test_ari,test_f1
0,0.2730528200537153,0.11686535900714104,0.060351971533476725,0.23858049980614354,0.2223042836041359,0.05968471367396169,0.01739834471751958,0.19288398426790107
1,0.5926589077887198,0.4067356586967397,0.3632222779618922,0.4952760202089999,0.3604135893648449,0.15523864982923216,0.08531302969533207,0.3169459432006976
2,0.8146821844225605,0.7017110676283256,0.6593503804570414,0.7456995557724151,0.4726735598227474,0.28052011678713074,0.1701708355416208,0.4350750730508145
3,0.8773500447627574,0.8050460531281597,0.7816777433607754,0.8047155930270709,0.5192023633677991,0.31790592716311006,0.19639227662153735,0.4698421336151918
4,0.9194270367054611,0.8705869083559569,0.8588047548086133,0.8731810262332589,0.5550221565731167,0.3522203770936925,0.24918398906566747,0.5034764091278173
5,0.9444941808415398,0.895653979756653,0.8962345512433764,0.9214028245220386,0.5878877400295421,0.3911071626250349,0.29927370219887245,0.5394324948003907
6,0.9659803043867502,0.9338850450888215,0.9380109382062233,0.952421622093867,0.619645494830133,0.4231468177004952,0.35174471892593795,0.5959534409686312
7,0.9740376007162042,0.9424561692639549,0.9491411747684041,0.9661684446780547,0.6384785819793205,0.4342067967083887,0.38194241866065193,0.6128327405143251
8,0.9686660698299016,0.9286604132684854,0.9370591008407102,0.961184976128117,0.6539881831610044,0.44657068267317174,0.4050583895275609,0.6294241290117457
9,0.9767233661593554,0.9466132043412512,0.953163767718563,0.9705897605055779,0.672082717872969,0.457237301787558,0.431412162349959,0.6489997874507901
10,0.9847806624888094,0.9596559199784976,0.9686311009384792,0.9822612292410929,0.6864844903988183,0.47204526495611504,0.4451911999687605,0.6639487018259886
11,0.9838854073410922,0.955060335159288,0.9657897235165637,0.9817102728676165,0.6838995568685377,0.46462398932021276,0.43645275630359043,0.6633965510484217
12,0.9838854073410922,0.9589405317469483,0.967296576637104,0.9810189470718337,0.6864844903988183,0.4640647852073442,0.44257953553692275,0.6650439312819235
13,0.981199641897941,0.9518888108426862,0.9619826083805529,0.9768887624722626,0.6909158050221565,0.4655130409159304,0.452583436837127,0.66697146462119
14,0.9874664279319606,0.9657595177417393,0.973255935926169,0.9853168563801981,0.6953471196454948,0.47418511864279506,0.45106675325650336,0.6737284573894066
15,0.9865711727842436,0.9621947486889557,0.9709309862413424,0.9852361869272646,0.7045790251107829,0.4882211222010012,0.46680629246693006,0.6835634252644596
16,0.9874664279319606,0.9660431632037115,0.9747237728953316,0.9846915917181216,0.7027326440177253,0.48032678254367217,0.46915080130204145,0.6792066857957729
17,0.9865711727842436,0.9659131630228734,0.9739048883690925,0.98234536440392,0.7086410635155096,0.49766628475126634,0.49152379619595216,0.6814761769653347
18,0.9874664279319606,0.9636045076563093,0.9729301817453414,0.9857219547746192,0.7141802067946824,0.4946896836715429,0.48486249282534993,0.691624546346198
19,0.9856759176365264,0.9631798410609892,0.9697476716779115,0.9831721357056711,0.7060561299852289,0.48517047568594274,0.47354041138059344,0.6829303161189776
20,0.9892569382273948,0.9692395367331986,0.9776338580218518,0.9873530815682576,0.707533234859675,0.4881462747978094,0.4824122565912435,0.6811178622309068
21,0.9865711727842436,0.9616365598955677,0.9730103157021236,0.983616740984678,0.691285081240768,0.4686876091051169,0.4556298460658543,0.666207181260214
22,0.9919427036705462,0.9753534849354697,0.9816436594086719,0.9915115541537717,0.7060561299852289,0.4807645050867088,0.472722627915102,0.6824871981775553
23,0.9883616830796778,0.9657489744177686,0.9752397345367989,0.9870712995611174,0.7008862629246676,0.47601827328784135,0.47159657166999897,0.674468188787635
24,0.9919427036705462,0.9772538965054218,0.9836852785732767,0.9900989549628045,0.7027326440177253,0.48324139957104595,0.4756409816472608,0.6769114894382046
25,0.990152193375112,0.974033824076848,0.9796950414122748,0.987941864714028,0.7064254062038404,0.4891993138983681,0.4807352451232647,0.6808024256307567
26,0.991047448522829,0.9750771274142044,0.9834673184043133,0.9881144349916404,0.7016248153618907,0.4820887372623599,0.47021844431430926,0.6774345139947059
27,0.9928379588182632,0.9773571851183255,0.9854648583295963,0.9916188433657702,0.7112259970457903,0.4893688453313158,0.4860416875835005,0.6851516218351245
28,0.990152193375112,0.9705917886778448,0.9785287358575168,0.9887406859529219,0.7086410635155096,0.4858840848695799,0.4749261244846311,0.6856281988985089
29,0.9955237242614146,0.9864331441748221,0.9905010265592901,0.9947916341276534,0.7108567208271788,0.4907876458733358,0.48409581007912367,0.6865207969890897
30,0.9865711727842436,0.9627332417446157,0.969402228704022,0.9861504900360382,0.7134416543574594,0.48779372834202595,0.4885402102842323,0.6878683694811911
31,0.9874664279319606,0.963492762595095,0.9715957956661888,0.9866264897036624,0.7060561299852289,0.4821755955147071,0.47170517535913215,0.6833512259540011
32,0.9883616830796778,0.9679730160251927,0.9739030202193794,0.9872316033843924,0.707533234859675,0.48378376091747044,0.4775936237698493,0.6832310706343956
33,0.990152193375112,0.9720406712533802,0.9807195011848956,0.9875487977851835,0.7123338257016248,0.4920565624970705,0.48750174987716227,0.6875906350582461
34,0.9973142345568488,0.9923167579394764,0.9950046008561718,0.99645733717946,0.7134416543574594,0.4923877827740834,0.4808514442675018,0.6914209111360853
35,0.9919427036705462,0.9774309343688069,0.9841581034644612,0.9897314999007248,0.7149187592319055,0.49485390905965543,0.4886759059408582,0.6913217817335138
36,0.9883616830796778,0.9653851768640409,0.9736147821744163,0.9878262537513823,0.7101181683899557,0.4861059098799212,0.4842918518357739,0.6841339285513733
37,0.9964189794091316,0.989777933493592,0.9906260467818123,0.9966390016713246,0.7108567208271788,0.4900529584188714,0.48071460548149847,0.6878141116255707
38,0.991047448522829,0.9738499189674836,0.9814514501596555,0.9895332480355139,0.7045790251107829,0.48720604322855654,0.47341121184814444,0.680996292838515
39,0.9964189794091316,0.9888865430408688,0.9906543953622038,0.9966286419151748,0.7112259970457903,0.49035360150582896,0.49138513417566754,0.684009559801898
40,0.9928379588182632,0.9778818480073164,0.9848041081616169,0.9917974196176018,0.7093796159527327,0.4911411529215334,0.48161661960364827,0.686316187974012
41,0.9928379588182632,0.9768700747176275,0.9834419671081492,0.9926357275606958,0.7149187592319055,0.4980888934002846,0.4881314350597129,0.6917667539586552
42,0.9919427036705462,0.9750633896618017,0.9805927210920565,0.992289822717699,0.7005169867060561,0.47684393684048776,0.46763125730464294,0.6765652507044735
43,0.9955237242614146,0.9853376808702871,0.9891049034373832,0.9959767198822085,0.7123338257016248,0.4865588967277371,0.4893577972444058,0.6844189693964333
44,0.9883616830796778,0.9668611128922739,0.973310659998049,0.9882595972831005,0.7019940915805022,0.4810120038390547,0.47364433099987074,0.6757538162592188
45,0.9928379588182632,0.9782871383320955,0.9840563947630173,0.9924280272260865,0.7141802067946824,0.48921479893545566,0.48982737735810905,0.6879981604066383
46,0.9919427036705462,0.9767167012121584,0.9834648095027699,0.990575839317993,0.7008862629246676,0.4787862155229908,0.46226102312895545,0.6792015554152494
47,0.9964189794091316,0.9893353155100008,0.992669313632287,0.9957221567350716,0.7097488921713442,0.48551135458779443,0.481758990499074,0.6842177366950318
48,0.9973142345568488,0.9923167579394764,0.9950046008561718,0.99645733717946,0.7104874446085672,0.49396308215672047,0.4819380682204344,0.6877264703089496
49,0.9919427036705462,0.9769127045925364,0.9823306082583252,0.9909012071351494,0.7005169867060561,0.47935198437011023,0.4661507462260292,0.6772071770313376
50,0.990152193375112,0.9704101030599719,0.9779923463778046,0.9891783232386732,0.7104874446085672,0.49210893512746484,0.487709881973158,0.6849069254202487
51,0.9937332139659804,0.9809618095335221,0.9850472165800063,0.993754631050313,0.707533234859675,0.4870201128365412,0.4759832988655024,0.6843399239541951
52,0.9973142345568488,0.9913786894784279,0.9939305129155794,0.9970754625032736,0.706794682422452,0.486073837495348,0.4807258543702836,0.6815992447218531
53,0.9919427036705462,0.9761068398530356,0.9823157415416193,0.9914596717107803,0.7045790251107829,0.4938681621936138,0.4804185269651757,0.6790246249455508
54,0.9937332139659804,0.9811796798392428,0.9858170867711825,0.9932924906890345,0.7097488921713442,0.4899529236041923,0.4867769807312195,0.683407103213131
55,0.9955237242614146,0.9857156925680456,0.9905220822247042,0.99512843560881,0.7141802067946824,0.5000422774107933,0.4927846598443393,0.6887370571077334
56,0.9946284691136974,0.9840523737102446,0.9882430409275911,0.9944373483724652,0.6960856720827179,0.4782251979401268,0.4613843239916654,0.6730632367735573
57,0.9928379588182632,0.9779390674141262,0.9828458371212324,0.9933673492541583,0.7060561299852289,0.48853341319140586,0.4801081379127419,0.6799439853290815
58,0.9955237242614146,0.9863883334338345,0.990607730519289,0.9951000065965487,0.7071639586410635,0.49399508333584613,0.47945358056193665,0.68304118154401
59,0.9964189794091316,0.9888520753371631,0.9909591202208868,0.996916012922217,0.7082717872968981,0.48628155928819844,0.48131964856681686,0.6832204457866348
60,0.9964189794091316,0.9893284250672968,0.9926203689508698,0.9957570537658528,0.7034711964549483,0.48598274234011035,0.4768802527462662,0.6781585238041495
61,0.9937332139659804,0.9817270707937068,0.9844957689275367,0.994047691892604,0.6935007385524372,0.4753182225735739,0.4656819880480824,0.6656047675969413
62,0.9955237242614146,0.9858126939553238,0.9907593933643839,0.9948227066735419,0.7008862629246676,0.48091641313604466,0.4687932316143407,0.6752569311998181
63,0.9955237242614146,0.9862334842525535,0.9898671670343532,0.9953727604592816,0.7012555391432792,0.48266465463009744,0.46546232139944016,0.6781045522341692
64,0.9937332139659804,0.9810729328534276,0.9854332714469899,0.9935012366884027,0.6938700147710487,0.470782407170896,0.4550718355301586,0.6706395283291978
65,0.9928379588182632,0.9789629192315069,0.982834227710159,0.9928303256766681,0.6971935007385525,0.4757594259604474,0.46895543523659705,0.6703703539676374
66,0.9946284691136974,0.9831862845767191,0.9869878921596328,0.9946789707552072,0.6997784342688331,0.48269839032339257,0.4704124550259123,0.6744725421600217
67,0.9946284691136974,0.9837513911045588,0.9893173970712403,0.9934196417732164,0.7008862629246676,0.4813915623996005,0.46697973577190205,0.6776651092111692
68,0.9946284691136974,0.9850166229144169,0.9886476257798775,0.9944025102261602,0.7042097488921714,0.4850299813376968,0.4738931831258968,0.6796165718718443
69,0.991047448522829,0.9735844763399357,0.9782611331651462,0.9917976462848499,0.7042097488921714,0.4865545847525858,0.47389882399416366,0.678893887276085
70,0.9982094897045658,0.994640185906239,0.9972982901356472,0.9971327373924777,0.696824224519941,0.48750150965499683,0.46356272385171265,0.6733975689822966
71,0.9928379588182632,0.9778626791682219,0.9824070639226531,0.9934666889887583,0.6920236336779911,0.4691174748686961,0.44877769610892587,0.6707692868854849
72,0.9919427036705462,0.977160040462395,0.9837358144362813,0.9905817526520294,0.6942392909896603,0.4801968408460784,0.4600938120964991,0.6700066943848559
73,0.9919427036705462,0.9771800234086846,0.982617939931021,0.9909891640698509,0.6923929098966026,0.46885058919638883,0.45105841327707474,0.6686920433265179
74,0.9964189794091316,0.9889719419628419,0.991135818844012,0.9964928521198582,0.6927621861152142,0.47846583914076324,0.4611997013595704,0.6674522636750682
75,0.9928379588182632,0.9790447783616185,0.9844930090168157,0.9922385331004598,0.7019940915805022,0.4847907373113259,0.4638685588944483,0.680698841123217
76,0.9856759176365264,0.9600491861607223,0.9662006369831642,0.9859800363048328,0.6935007385524372,0.4740385840749154,0.45567504645230755,0.6697233921003608
77,0.990152193375112,0.9723492009427742,0.976868306715429,0.9897226834441993,0.6942392909896603,0.47826362720525556,0.45824896997645653,0.6713038874408463
78,0.9946284691136974,0.984860294743752,0.9858928875341032,0.9953596653528421,0.6953471196454948,0.4730619461471629,0.46056369856909823,0.6713290767975663
79,0.9946284691136974,0.9838299089860778,0.9895578392523321,0.993308364537409,0.6979320531757754,0.4830429054117102,0.4676220731270153,0.6726682107608751
80,0.991047448522829,0.9759366349446744,0.9811846207759678,0.9901029107401678,0.696824224519941,0.4820352746692409,0.4687424436032989,0.6707327636842644
81,0.9955237242614146,0.9858330409076149,0.9908754922606267,0.994763958228863,0.6864844903988183,0.467264660923309,0.4482871650702355,0.6622720516419294
82,0.9919427036705462,0.975856785153572,0.9828122017236623,0.9910921221247614,0.6931314623338257,0.47927774110224974,0.45491342501857784,0.6705703827664947
83,0.9946284691136974,0.9826114660210888,0.9876077261451014,0.9946433543431177,0.6979320531757754,0.48416002780001055,0.464091037552749,0.6731079230433303
84,0.9946284691136974,0.984328044119835,0.9893262762150622,0.9938368071099174,0.6979320531757754,0.4793843583702051,0.4603583831585905,0.6751774639245414
85,0.9946284691136974,0.9841844835595722,0.9876653322690951,0.9946265430282785,0.6979320531757754,0.4746971565990495,0.46495253113735907,0.6722997356282642
86,0.9955237242614146,0.9863688242641382,0.9905421746962705,0.9951186112669287,0.6957163958641064,0.48008152095367856,0.4615516373608947,0.6711578481076793
87,0.9928379588182632,0.9797169355280795,0.9848657821652177,0.9923696052499629,0.6938700147710487,0.4830507499055628,0.46297097959405553,0.6698196484895577
88,0.9964189794091316,0.9894912725241825,0.9932447222901434,0.9954333531299294,0.7034711964549483,0.485662764705973,0.47321515724086527,0.6789224591666386
89,0.9919427036705462,0.9753589740049623,0.9815517025143624,0.9915310369391704,0.6942392909896603,0.4763815469648884,0.466681519661064,0.6665854095710069
90,0.9919427036705462,0.9778761484224429,0.9825895146737588,0.9917895753092246,0.7027326440177253,0.4883665643166434,0.474030324162594,0.6776899207146397
91,0.9973142345568488,0.9912879188665397,0.993718495894399,0.9973788164598869,0.6935007385524372,0.4820332783671386,0.4579615720849704,0.6704667920085802
92,0.9955237242614146,0.9860333849628936,0.98895293885866,0.9957058216654626,0.7012555391432792,0.4881024099246877,0.467877053408732,0.6785174904336093
93,0.9937332139659804,0.9819171749052769,0.987553066106524,0.9921329453225286,0.7027326440177253,0.4893323328885462,0.46628912981469617,0.6812500852635571
94,0.990152193375112,0.9705989938979669,0.9783331212750446,0.9896260164664596,0.6971935007385525,0.4806099641300486,0.4671467282784618,0.6725369687934751
95,0.9946284691136974,0.9832578488721234,0.9875715619217894,0.9946501642367289,0.691285081240768,0.47330790037758846,0.45561190472688734,0.6667970304214349
96,0.9928379588182632,0.9789247457735193,0.9841156491036758,0.9926707617504579,0.7012555391432792,0.4817142555290813,0.4630467505228725,0.6783027158254921
97,0.9928379588182632,0.9776833314386141,0.984188577541319,0.9923431172351123,0.7023633677991138,0.4858241143264457,0.4763883512716597,0.6768023687489606
98,0.9964189794091316,0.9897927664641607,0.9921784720885158,0.9963614319913491,0.697562776957164,0.48808309745281037,0.46785449068193363,0.6734662251684879
99,0.991047448522829,0.9745973420332101,0.9819171322380529,0.9894677199238615,0.7012555391432792,0.4850693506155277,0.4762141294885602,0.6747020096859991
100,0.9964189794091316,0.9894486487795136,0.9930987783681612,0.9954788937387381,0.6901772525849336,0.46970892748929444,0.4528614576372576,0.6658298973898072
101,0.9937332139659804,0.9808327602937308,0.9873607247793519,0.9927531677138756,0.6946085672082718,0.4758480419818811,0.46222820063212683,0.6682211132596547
102,0.9919427036705462,0.9766545625568036,0.9796564179794822,0.992663190265316,0.6905465288035451,0.4755052466850437,0.4581162900401545,0.6648568520118177
103,0.9946284691136974,0.9836060166072363,0.9887290958426501,0.9938175370859705,0.7012555391432792,0.4905017370035305,0.4751083237749239,0.6757339080624547
104,0.9928379588182632,0.9805722893605553,0.9815124739749379,0.9936059793523272,0.6971935007385525,0.4836414118296075,0.46707455940065956,0.6727356169449737
105,0.9973142345568488,0.9918709184798363,0.9935973488401443,0.9975888463242335,0.6994091580502215,0.4803334697224297,0.4648544225846845,0.675240725181123
106,0.9982094897045658,0.9941154321061514,0.9954835817815741,0.9984005587518187,0.6979320531757754,0.4799288574362375,0.46937676239700915,0.6720186539669601
107,0.9964189794091316,0.9884466152606072,0.991759546078737,0.9962917218092292,0.7008862629246676,0.4835154678290689,0.47312495994852155,0.6737343928426528
108,0.9982094897045658,0.9943359537336801,0.9963117661631962,0.9978701791175505,0.696824224519941,0.47889865335430654,0.4605831493554604,0.6729133941777531
109,0.9973142345568488,0.9913861465740625,0.994251073444399,0.9972348014692356,0.6964549483013294,0.480123782063975,0.4654690940814891,0.6709775757736726
110,0.9973142345568488,0.9912387780335525,0.9935247355010083,0.9974768894783139,0.6946085672082718,0.4818063774141808,0.46535952510784256,0.6691775301536333
111,0.9955237242614146,0.98650573206424,0.9884058347848478,0.9962156274449596,0.6946085672082718,0.4782925437867709,0.4624430781852385,0.6689669787269287
112,0.9937332139659804,0.979834286722028,0.9856937589745954,0.9933478748705171,0.6957163958641064,0.47425458539367965,0.46171612913850163,0.6711874596189737
113,0.9928379588182632,0.978935458160292,0.9841481152178057,0.9925466850607068,0.6909158050221565,0.47334280200776774,0.4548560592593943,0.6665196191778031
114,0.9955237242614146,0.9859166911193095,0.9911468510336934,0.9945992599274133,0.6883308714918759,0.47338126506510825,0.45066445089887514,0.6644683100675662
115,0.9973142345568488,0.9919631118933016,0.993930312747622,0.9973864235071336,0.698301329394387,0.48690375621387016,0.47002184520815027,0.6726041893430502
116,0.9928379588182632,0.9781994999080634,0.98383026966186,0.9927307756860513,0.6942392909896603,0.4832891638531919,0.4633310730825937,0.6700718955718836
117,0.9964189794091316,0.9882587207877144,0.9912086871032181,0.9967920044270377,0.6994091580502215,0.4798754344881003,0.4682693573920058,0.6741057930677193
118,0.9928379588182632,0.9776589640386146,0.9839251987207419,0.9923251607312104,0.7019940915805022,0.48387676198007484,0.4712451191215242,0.6783193254523009
119,0.9937332139659804,0.9802398965060826,0.9849389097560463,0.9939845842542615,0.6953471196454948,0.4825512130115967,0.46142274440305053,0.6707423038407434
120,0.9946284691136974,0.9841603527169612,0.9883625080400533,0.9939928170047553,0.6997784342688331,0.4897450114306597,0.4687582995283327,0.6756506140758037
121,0.9955237242614146,0.9876218346255637,0.9916866837774708,0.9942670175268526,0.6964549483013294,0.48203325399770885,0.4653839957271034,0.6714496177384218
122,0.9964189794091316,0.9889559140821594,0.9910630158893396,0.9965207137728205,0.6927621861152142,0.48094005948624374,0.4651717523345122,0.6664462219444166
123,0.9928379588182632,0.9771106583050758,0.9841975063278291,0.9920023251121179,0.6960856720827179,0.4817528465689042,0.4629450947599893,0.6716505123062817
124,0.9928379588182632,0.9788433126492706,0.9834656082452701,0.9926520985040274,0.6938700147710487,0.47600979884856304,0.46188395336436966,0.6676904304899105
125,0.9937332139659804,0.9815670309558683,0.9873546872319198,0.9923394309433314,0.7008862629246676,0.48328847493544963,0.46892777441193206,0.6763202042432331
126,0.9955237242614146,0.9856136790006415,0.9899972863652666,0.995262390187574,0.6964549483013294,0.47733134001881533,0.46441819060145406,0.6715024688410632
127,0.9928379588182632,0.9776589640386146,0.9839251987207419,0.9923251607312104,0.6923929098966026,0.4769316838865472,0.4594136310256391,0.6672807172303367
128,0.9937332139659804,0.9812351093477123,0.9862130791977903,0.9932501130167362,0.7038404726735599,0.48981309422458763,0.47459200460552087,0.6793874582776382
129,0.9946284691136974,0.9834409025856687,0.988241068237978,0.9942417041653806,0.6942392909896603,0.4787053014276124,0.45918026132495027,0.6710583508101838
130,0.9955237242614146,0.987870707699691,0.990439725733667,0.9953331003555769,0.7064254062038404,0.48656809392437966,0.4698790565637225,0.6845284627928007
131,0.9937332139659804,0.9802981896649362,0.9849961088261563,0.993797346061319,0.7016248153618907,0.485655316377926,0.47464588971772054,0.6749066580089271
132,0.9928379588182632,0.9805421056196308,0.9821409814845331,0.9930841727716728,0.698301329394387,0.48249873704327617,0.4618572410468289,0.6760009573927112
133,0.9937332139659804,0.9824795210766102,0.9883169259111199,0.9918439218922546,0.7027326440177253,0.48769577110061,0.4708233491277767,0.6783936113945979
134,0.9892569382273948,0.9687738648943187,0.9772900049627196,0.9875740987235213,0.6979320531757754,0.47926249398467774,0.4665044421658428,0.6737689323495122
135,0.9937332139659804,0.9809855014589286,0.9852641251775353,0.9937792428744437,0.6994091580502215,0.4796661368807593,0.4638113858334859,0.6759310068987843
136,0.9946284691136974,0.9832071790245581,0.9871666098456079,0.9946983190426489,0.7012555391432792,0.484101464349964,0.46454716904078236,0.6794538791045449
137,0.9973142345568488,0.9913165339867954,0.993664731890845,0.9972091143024879,0.6964549483013294,0.48638714220716694,0.4588864344341299,0.674477723071289
138,0.9928379588182632,0.9795735507334222,0.9826594173486498,0.9929356055357604,0.6905465288035451,0.47585046730616076,0.4535894789946939,0.6665947739334827
139,0.9964189794091316,0.9891688185583186,0.9920384883841347,0.9961641695956842,0.6938700147710487,0.4813559680290358,0.46169091159871833,0.6681316686765592
140,0.9946284691136974,0.9844582095055846,0.9895061172492611,0.993360070693664,0.6949778434268833,0.47650363989032674,0.46018804847423017,0.6711082515397957
141,0.990152193375112,0.971800575460324,0.9763190216955793,0.9907417342602474,0.6964549483013294,0.4812388150944701,0.46161415349115703,0.6736837462978105
142,0.9964189794091316,0.9892549549707016,0.9923173928206908,0.9959537896311742,0.689069423929099,0.47688987742175365,0.45213823224078364,0.6653673942269368
143,0.9937332139659804,0.9811154779492363,0.9855733710371261,0.9933968868897299,0.7023633677991138,0.48935078899895407,0.47368650405954765,0.677884198232408
144,0.9955237242614146,0.9860701446903142,0.989378109180356,0.995800376869089,0.6879615952732644,0.4659366339821965,0.451990284150886,0.6623475920489338
145,0.9955237242614146,0.9866462450607388,0.9889246163709575,0.9959191403785749,0.6946085672082718,0.4772866129342333,0.4538100706425982,0.6730235873963667
146,0.9937332139659804,0.9809274613969211,0.98500074613614,0.9939091079720744,0.6927621861152142,0.47240631580744186,0.4518670982089881,0.6701967858270633
147,0.9937332139659804,0.981482804506478,0.9847822745134563,0.9942102462126431,0.6935007385524372,0.4740798382829908,0.46371570752320473,0.6665885534160145
148,0.9964189794091316,0.9887887744428407,0.9930747473802153,0.9954831933081104,0.6920236336779911,0.4770647550192225,0.4599409168766248,0.6667078160799594
149,0.9955237242614146,0.9856136790006415,0.9899972863652666,0.995262390187574,0.6927621861152142,0.4799343861552591,0.45939915648170215,0.6682757606772132
150,0.9973142345568488,0.9911957899008194,0.9933854386307254,0.9975812392769868,0.6901772525849336,0.47777413150169895,0.45426969070062906,0.66657393983395
151,0.9937332139659804,0.9820539539142711,0.9862109089650989,0.9935984406286288,0.696824224519941,0.4777057128602341,0.4608245827662305,0.6728548974027797
152,0.9964189794091316,0.9895940545426382,0.9900732309714781,0.9971470014169583,0.681314623338257,0.4655142647839066,0.43859582094817784,0.6588191608382505
153,0.9946284691136974,0.9851968510244307,0.9876757037834699,0.9948472689244197,0.6887001477104875,0.4713698328320899,0.45413122283711166,0.6635673356856312
154,0.9919427036705462,0.9767579181388442,0.9803627827682325,0.9926140230991106,0.6875923190546529,0.46273203339939567,0.4423591832952514,0.6666542539720022
155,0.9928379588182632,0.9790946673154386,0.9839595440655089,0.9918347470554713,0.6935007385524372,0.4758447851598371,0.45526487825444717,0.6713167477715852
156,0.9937332139659804,0.9811901482897876,0.9847871257434592,0.993717664677731,0.6994091580502215,0.485975660902056,0.4691207486989942,0.6748875860807632
157,0.9964189794091316,0.9891523912089668,0.9921300708396703,0.9962312696042981,0.7090103397341211,0.4919111846600193,0.479855517854611,0.6852546336172611
158,0.9964189794091316,0.9889988484720543,0.9916876734830302,0.9966736768028952,0.6905465288035451,0.4733538717730903,0.44735375643330916,0.6686791649197809
159,0.9946284691136974,0.98442410171867,0.9859113960292518,0.9954748792288776,0.6920236336779911,0.4766794992777129,0.458734738128928,0.667664655657861
160,0.9946284691136974,0.9840260487825206,0.9867456106719951,0.9948046810957274,0.6953471196454948,0.4827612427810675,0.4604784942267556,0.6726765328918434
161,0.9973142345568488,0.9918161395359716,0.9955544394916429,0.996084260807628,0.689069423929099,0.47108152463160824,0.4465659276481026,0.667115340172752
162,0.9982094897045658,0.9942535467610037,0.995852450961021,0.9979863324552395,0.6949778434268833,0.47885433312702985,0.4537392923406399,0.6733041255956644
163,0.9946284691136974,0.9838717030334357,0.9872395391808012,0.9947008039942855,0.7001477104874446,0.4834562990528859,0.4630075663404049,0.6771829610172976
164,0.9946284691136974,0.9840161289804212,0.9866671259739532,0.9948401690247429,0.69903988183161,0.4824837728547974,0.46828200834080663,0.6740041407961613
165,0.9937332139659804,0.981447923671481,0.9870154168628473,0.9927908488790678,0.6938700147710487,0.47905683431255003,0.46178429783836017,0.6682665955841509
166,0.9955237242614146,0.9866859972885059,0.9892565683927845,0.9959009348391525,0.6923929098966026,0.4745664321104725,0.4511755344430661,0.670350618547648
167,0.9937332139659804,0.9810370702706879,0.9854136717898891,0.993673575637108,0.6949778434268833,0.4868012137388318,0.4687456116830619,0.6692434341139037
168,0.9946284691136974,0.9836002581261136,0.9886744306693201,0.9938095799385607,0.6923929098966026,0.4783378728075916,0.4576570911990652,0.6680528296367746
169,0.990152193375112,0.9717078041590044,0.9764866990704663,0.9905906978682882,0.6946085672082718,0.48161276281897536,0.4617782572628256,0.6706206898056398
170,0.9937332139659804,0.9808559702342191,0.9849006172138034,0.9941720611372344,0.689069423929099,0.4699684178047347,0.4589079695420666,0.6620460651676653
171,0.9982094897045658,0.9941585462781327,0.9956226853975284,0.9982962089531459,0.6994091580502215,0.49080765644205515,0.47283867309973493,0.6742627534315547
172,0.9964189794091316,0.9886495264708838,0.9926786071362658,0.9959255392360761,0.6901772525849336,0.4714640371324452,0.4492093514425335,0.6669823372648082
173,1.0,1.0,1.0,1.0,0.7056868537666174,0.4980012295174727,0.48281131851459286,0.680748735896561
174,0.9964189794091316,0.9890742910115236,0.9918270876805527,0.9964598551099393,0.6946085672082718,0.4839585492616149,0.4574352460027336,0.6720491605820645
175,0.9955237242614146,0.9862059770027137,0.9896172726158443,0.9953532920440977,0.6953471196454948,0.4799360384418533,0.4592333026018067,0.6722262418271061
176,0.9928379588182632,0.9776954470980035,0.9840774795585551,0.9923204986172707,0.696824224519941,0.48802305014808356,0.47018748650674147,0.6716760235981877
177,0.9964189794091316,0.988461337197202,0.9918262750147459,0.9962660344427203,0.6883308714918759,0.46700096435931987,0.44855588572168337,0.6631904361148518
178,0.9973142345568488,0.9929594662197683,0.9943598227078974,0.9972296610952073,0.6875923190546529,0.47463991146906503,0.44729582983635957,0.6660908394634534
179,0.9883616830796778,0.9669955570707823,0.9737733431568667,0.9876635705597734,0.6887001477104875,0.4725179806001337,0.4554216800746114,0.66323702005037
180,0.9964189794091316,0.9893505791637269,0.9925661472803622,0.9956229087293894,0.7023633677991138,0.4880489299154203,0.47021447691235113,0.6781256120772461
181,0.9955237242614146,0.9864191270984026,0.9907430674203956,0.9950165103498864,0.689807976366322,0.47410374821447815,0.45257712699565167,0.665996553389288
182,0.9973142345568488,0.9912387780335525,0.9935247355010083,0.9974768894783139,0.6879615952732644,0.47242782775946723,0.4481666190833133,0.6645922400698355
183,0.9946284691136974,0.9830316614905161,0.9863913687546847,0.9950094366111405,0.6979320531757754,0.48273339816980887,0.46703387845792105,0.6732673507057249
184,0.9964189794091316,0.9887521016155784,0.9903034227915196,0.9970256814975823,0.6931314623338257,0.47395148330878756,0.46157066295183174,0.6670555897751489
185,0.9946284691136974,0.9840209411915588,0.9882852062640582,0.9946174008394765,0.6994091580502215,0.4856338535778488,0.4673761388347736,0.6763050590767156
186,0.9973142345568488,0.99131743330252,0.9936821697152308,0.9971948746333699,0.698301329394387,0.4875820082558741,0.468338179615498,0.6734528800299237
187,0.9919427036705462,0.9778973622849632,0.9824729007547588,0.9906415210555906,0.7005169867060561,0.4844624857830923,0.46667944332716416,0.6768612025667883
188,0.9964189794091316,0.989040907036366,0.9915167743224077,0.9964132898388487,0.7045790251107829,0.48944896672620825,0.4783318490802659,0.6797637587222624
189,0.9964189794091316,0.9897805707846483,0.9906380338241448,0.9966347021019522,0.707533234859675,0.49521836002551506,0.4839805437241429,0.6823339470017359
190,0.9937332139659804,0.9811419151528697,0.9847445697117215,0.9939293899245489,0.6942392909896603,0.47798320511714815,0.458676025747907,0.6708889355940105
191,0.9946284691136974,0.9834361340448022,0.9880667668167361,0.9941710071278081,0.6986706056129985,0.48529364394050817,0.4720659035637593,0.6731490660675481
192,0.9955237242614146,0.9863551316404846,0.9904823259081106,0.9951461756080978,0.6938700147710487,0.4784769021464519,0.4552303663962891,0.6713834333709225
193,0.9973142345568488,0.9919035541920584,0.9935973488401443,0.9974793744299506,0.6979320531757754,0.4852372583195596,0.4621325566956755,0.6751436006103679
194,0.9982094897045658,0.9941154321061514,0.9954835817815741,0.9984005587518187,0.6971935007385525,0.4828844683518505,0.46823036255184536,0.6714540890363485
195,0.9937332139659804,0.9814133286878419,0.9845751187775393,0.9943924452751352,0.6949778434268833,0.47446016874665103,0.4574048263466644,0.6720214159410441
196,0.9937332139659804,0.9805121779161758,0.9858277336916884,0.9933225594109786,0.6964549483013294,0.48054881714087944,0.4621230894578551,0.6730846466828578
197,0.9973142345568488,0.9917726598010332,0.9930642923478997,0.9977328613148847,0.7049483013293943,0.4947821474263486,0.4756191459539319,0.6807097290735412
198,0.9946284691136974,0.983098259627526,0.9894414623450938,0.9935453021365283,0.6957163958641064,0.48584248579956524,0.46551988074007433,0.6709453887019373
199,0.9973142345568488,0.9915216300298719,0.9945973379117422,0.9968369891282279,0.6942392909896603,0.48030880895758243,0.45530373659908335,0.6724316614644632
200,0.9955237242614146,0.9864245334586474,0.990410846921701,0.99485859274634,0.6957163958641064,0.480616671662452,0.4624367526525832,0.6715612130897209
201,0.9937332139659804,0.9808650724298879,0.986990821839265,0.9923757735856532,0.6964549483013294,0.48130131730658304,0.4574148820314195,0.6747054371242909
202,0.9982094897045658,0.9941154321061514,0.9954835817815741,0.9984005587518187,0.6979320531757754,0.47894455104480366,0.4646178960307424,0.6742076751411441
203,0.9928379588182632,0.9793758775416656,0.9841011658004215,0.9917642311088067,0.698301329394387,0.47980811282520575,0.464463078795917,0.6747516697399594
204,0.9964189794091316,0.9891688185583186,0.9920384883841347,0.9961641695956842,0.697562776957164,0.48665028499415425,0.4625950906590328,0.6753015732127722
205,0.9937332139659804,0.9826672904434234,0.9862061920237902,0.9937468527253593,0.696824224519941,0.47939576223751396,0.46073568406690013,0.6723882036270766
206,0.9955237242614146,0.9862334842525535,0.9898671670343532,0.9953727604592816,0.6994091580502215,0.4801011200609719,0.4686316847815364,0.6748535760415296
207,0.9946284691136974,0.9839682571932765,0.987768828524545,0.9945578683519238,0.7045790251107829,0.49099006184463445,0.4757280500235464,0.679960199744369
208,0.9955237242614146,0.9865736036142785,0.9911853770948147,0.9945659286129533,0.7016248153618907,0.48251092003321544,0.46405990060805924,0.679981145596183
209,0.9928379588182632,0.9798695828347147,0.9832027600809764,0.9930558564422325,0.7001477104874446,0.4813747146776082,0.4719366278143852,0.6735102310605255
210,0.9937332139659804,0.9819104990181087,0.9856771323010239,0.9939081857282103,0.7079025110782866,0.49918422346049973,0.4796800704833872,0.6861142913408892
211,0.9946284691136974,0.9842547937748359,0.9880405502431506,0.9945406488795253,0.6931314623338257,0.4789319760974174,0.4556069209130551,0.6707363105781968
212,0.9964189794091316,0.9883015814837403,0.9913481909943633,0.9966876546283648,0.7012555391432792,0.48438599208472805,0.4709662398546633,0.6761324050705737
213,0.9973142345568488,0.9915068606111506,0.9945307624822928,0.9968626764947367,0.6960856720827179,0.4823814021857316,0.459317066586678,0.6737261090601381
214,0.9964189794091316,0.9889823616919592,0.9914936619169847,0.9966622779270393,0.6953471196454948,0.4747534990175556,0.45895148853920636,0.6707908046951371
215,0.9955237242614146,0.9871992566905146,0.9902577177547479,0.9952677617065799,0.6957163958641064,0.47729213723722586,0.4634126686026862,0.6703540247471491
216,0.9928379588182632,0.9789474764779343,0.9841585028931222,0.992547801228782,0.7034711964549483,0.49104646830732734,0.4721394898403387,0.6796231616369506
217,0.9973142345568488,0.9918891448905205,0.9932219943166127,0.9973164711640623,0.69903988183161,0.4827462912705268,0.46543320871718413,0.6755326428302311
218,0.9955237242614146,0.985729713325681,0.9902921716297539,0.9949367168574644,0.7027326440177253,0.4854988737540479,0.4694690755202214,0.6783709839559388
219,0.9955237242614146,0.9870824190595238,0.9901612380829689,0.994624793932659,0.697562776957164,0.48478047873894914,0.4635262626640492,0.6740053452456565
220,0.9973142345568488,0.9919631118933016,0.993930312747622,0.9973864235071336,0.7023633677991138,0.4891028469585963,0.47125999308508837,0.6785054163502926
221,0.9946284691136974,0.9847663655614329,0.9873294224515722,0.9947816575403142,0.6986706056129985,0.47563019431476383,0.4632497363589464,0.6749502181024033
222,0.9982094897045658,0.994625378176666,0.9947755158677856,0.9986415674126076,0.6960856720827179,0.48252629873920516,0.4625039536058664,0.6722157842004861
223,0.9946284691136974,0.9839402771187802,0.9875087188640339,0.9945785999097186,0.6960856720827179,0.47637923995035386,0.45428196179996744,0.6748655796130928
224,0.9973142345568488,0.9914786346231516,0.9944581278515849,0.996941338926901,0.6986706056129985,0.47737354117108355,0.4588224327872313,0.6762319735715032
225,0.9937332139659804,0.9808462291848925,0.98489204627152,0.9941925159935442,0.7097488921713442,0.49562394751048,0.48734777589159123,0.6840338892129347
226,0.990152193375112,0.9733872935134074,0.9756143519828244,0.9912834307988142,0.7008862629246676,0.4802367933379604,0.4646977330765179,0.677465142329673
227,0.9946284691136974,0.9838929670098412,0.9870485096969819,0.9944548889291337,0.6997784342688331,0.4808789987164271,0.4693448875297235,0.6750549660342131
228,0.9919427036705462,0.9761610306401717,0.9815127656667427,0.9919328692976094,0.6942392909896603,0.47801871271542307,0.46078793925398676,0.6693642991758477
229,0.9964189794091316,0.9890685005166124,0.9917725374473774,0.9964518979625294,0.6949778434268833,0.47568660372140076,0.46085168654796266,0.6693949016023046
230,0.991047448522829,0.9744874647898668,0.9776877890784236,0.9916525807947163,0.6946085672082718,0.47311538477135723,0.4545077833623053,0.6712420944607638
231,0.9964189794091316,0.9890742910115236,0.9918270876805527,0.9964598551099393,0.69903988183161,0.4816531003787566,0.4666137822598697,0.6743123254984164
232,0.9955237242614146,0.9859785006575068,0.9890440674494331,0.9960027996861889,0.6949778434268833,0.47270946627871674,0.45725020024066165,0.6710774513763268
233,0.9973142345568488,0.9911797268732357,0.9933127515122934,0.9976091009299491,0.6953471196454948,0.4744285408680965,0.45724634903454187,0.671647138105663
234,0.9982094897045658,0.9951866292049527,0.9969038460453711,0.9973396606269772,0.6960856720827179,0.4830469783186655,0.4589614216191878,0.6732944412848606
235,0.9973142345568488,0.9912012740040093,0.9934090681110286,0.9975769476065458,0.6909158050221565,0.47347855530495936,0.4523994915029628,0.6681960999092775
236,0.9928379588182632,0.9786727845502634,0.9829748988931911,0.9930988319298822,0.7005169867060561,0.4882777955569851,0.47146878667594766,0.6759952625604848
237,0.9964189794091316,0.9889663334735407,0.9914208943800068,0.9966901395800016,0.6986706056129985,0.4798231387717607,0.46595209661439047,0.6743014807219024
238,0.991047448522829,0.9739840678229863,0.9795687773054875,0.9907930506554855,0.696824224519941,0.48314490340485244,0.46606072427940487,0.6720690304844064
239,0.9955237242614146,0.9861785495317509,0.9897848281158,0.995566794489707,0.6916543574593796,0.4776669059392513,0.45319825424823934,0.6682617359219251
240,0.9928379588182632,0.9810900256470811,0.9854128651602512,0.9916455899928357,0.698301329394387,0.474853974091292,0.4620840317126845,0.6746303984463504
241,0.9946284691136974,0.9828512539536779,0.9883282199398471,0.9940149814159247,0.6927621861152142,0.4759654968974746,0.45523386393735016,0.6700620929271082
242,0.9964189794091316,0.9900696180400804,0.9921420580273307,0.996238458434115,0.7045790251107829,0.4875260515555227,0.47112356809678324,0.6817636658912566
243,0.9964189794091316,0.9890742910115236,0.9918270876805527,0.9964598551099393,0.705317577548006,0.4916965131324414,0.47277362977483917,0.6827709691426238
244,0.9937332139659804,0.9811727693981699,0.9859572314580228,0.9933732622500215,0.698301329394387,0.4781285998814693,0.46579172613786113,0.6733586812985287
245,0.9964189794091316,0.9885582656801769,0.9923531961875013,0.9961266901589558,0.7079025110782866,0.4926029485719418,0.4808714013521201,0.6831900095953348
246,0.9919427036705462,0.976314210543391,0.9795836839191007,0.9930366326862637,0.6923929098966026,0.47218718439325424,0.4517002769415925,0.6702190914555557
247,0.9973142345568488,0.9911957899008194,0.9933854386307254,0.9975812392769868,0.6923929098966026,0.4752559850877074,0.45307797273897443,0.670386598553201
248,0.9937332139659804,0.9816728088510123,0.9845871788879557,0.9943435632182819,0.7008862629246676,0.4838731597279593,0.47311384859712036,0.6755160369787389
249,0.9964189794091316,0.9887695381436605,0.9904985485546451,0.9970330130878267,0.6916543574593796,0.47576655277325364,0.4536759316479108,0.6694222224514069
250,0.9973142345568488,0.9912879188665397,0.993718495894399,0.9973788164598869,0.6946085672082718,0.476078395581952,0.4528225077118389,0.673421886918135
251,0.9919427036705462,0.977284999657547,0.9817379001018199,0.9910374422014716,0.6964549483013294,0.4769234632725139,0.4631423955821306,0.6714306514552391
252,0.9955237242614146,0.9863398308841461,0.990267892263135,0.9951446502756729,0.7012555391432792,0.48808162656747917,0.4738007256159848,0.6774466082934802
253,0.9937332139659804,0.981728288629074,0.9849831580613816,0.9943011855459837,0.6997784342688331,0.4813866410509511,0.4627026046821493,0.6786260889906272
254,0.991047448522829,0.9734051284120891,0.980056828455945,0.9907165567738755,0.6949778434268833,0.4768313059977811,0.45805954818581796,0.6710393780778707
255,0.9937332139659804,0.9817119612469541,0.9847882409960855,0.9942892404665523,0.698301329394387,0.48027483680310745,0.465114644298209,0.6748592333826917
256,0.9937332139659804,0.9809445306815103,0.9849680930331455,0.9937850770905561,0.6923929098966026,0.4768052218102302,0.45445705192167896,0.6692394139316556
257,0.9955237242614146,0.9867773203592474,0.9897361918568502,0.9957519413613554,0.6994091580502215,0.4754334842999164,0.46613160402815473,0.6752638653255969
258,0.9946284691136974,0.9830789740710256,0.9865801938439311,0.9949092552252693,0.691285081240768,0.4701820149108821,0.4527299486099499,0.668187998965857
259,0.9937332139659804,0.9802456684967076,0.9848006755221816,0.9938938111437615,0.69903988183161,0.4800384888609925,0.4629284141454844,0.6765164647804394
260,0.9955237242614146,0.9883106940458332,0.9904213771264755,0.9952045086830379,0.6931314623338257,0.4796621559462697,0.4549705318817406,0.6714874237911871
261,0.9973142345568488,0.9919631118933016,0.993930312747622,0.9973864235071336,0.6938700147710487,0.4776455085203462,0.46269766744277196,0.6694666525628333
262,0.9892569382273948,0.9699850953693019,0.9751336931693515,0.9895881813652813,0.6960856720827179,0.47495104655835996,0.4576679376254801,0.6730170737048782
263,0.9937332139659804,0.9816678486910746,0.9853486097498548,0.9936979468976369,0.6875923190546529,0.47011493945014105,0.4466922142529321,0.6644994535171653
264,0.9955237242614146,0.9859785006575068,0.9890440674494331,0.9960027996861889,0.6953471196454948,0.4786415928161263,0.4553180751059225,0.6745737449695381
265,0.9964189794091316,0.9886154868303734,0.9922621945976333,0.9958308697191808,0.6883308714918759,0.47875493483880105,0.45159879035883155,0.6660478636627835
266,0.9964189794091316,0.9893369996167207,0.9927961944427032,0.9958234453098341,0.691285081240768,0.48139876240430485,0.4574704223457704,0.6682735426456269
267,0.9919427036705462,0.9761001775595656,0.9809683472008376,0.9918944095269824,0.6887001477104875,0.4677984197343143,0.45093049336185026,0.6646214004840426
268,0.9955237242614146,0.9869500152837781,0.9888616152343496,0.9956173871774946,0.6971935007385525,0.47854658694571,0.4628958368541898,0.6739733697798388
269,0.9919427036705462,0.9765252971677432,0.9805401181686689,0.9926270538388098,0.6846381093057607,0.46422566396756537,0.44143158040579067,0.6623750546331538
270,0.9937332139659804,0.980998095904056,0.9853365559528576,0.993751726337103,0.689807976366322,0.4712337437464645,0.44941654021168337,0.667049618664425
271,0.9955237242614146,0.9866091890263958,0.9911611478347658,0.9943592725673861,0.7008862629246676,0.4869798869995537,0.46775911054079133,0.6778594653986846
272,0.9955237242614146,0.985896421737062,0.9885822330703652,0.9961221490600795,0.6883308714918759,0.4706264057351701,0.4511842255995467,0.6630856774826009
273,0.9946284691136974,0.9825840226052993,0.9874638771303461,0.9947471551666226,0.697562776957164,0.48187447568044683,0.4634116234550397,0.6745640738059091
274,0.9964189794091316,0.9893076559645447,0.9924268732101439,0.9957272585280623,0.6927621861152142,0.4789524623084126,0.4578017106666942,0.6696687663089824
275,0.9928379588182632,0.9806924419763133,0.9841045809518711,0.9928845650967254,0.6909158050221565,0.47984439456316325,0.45100789279397785,0.6694118952720435
276,0.9955237242614146,0.9868699130499156,0.9890074360317888,0.9960262946973815,0.696824224519941,0.4814763888975766,0.4635897712422202,0.6722318882716616
277,0.9937332139659804,0.9819918938882122,0.9861394196460087,0.9937920323905213,0.6905465288035451,0.47375173759676775,0.45189242260136325,0.6673586144638797
278,0.9964189794091316,0.9894020128950823,0.9930444717290804,0.9957117016220959,0.6986706056129985,0.4830157297106607,0.4626187691010546,0.6756663237937133
279,0.9937332139659804,0.982874941500714,0.9887173859935992,0.9914092352991923,0.6905465288035451,0.47476646169212733,0.44787391395064885,0.6688140008254092
280,0.9964189794091316,0.9884610499310508,0.9918453374222076,0.9962518434590694,0.6923929098966026,0.47703330782530934,0.4580270013218723,0.6673410299027527
281,0.9964189794091316,0.988487904821478,0.9919120022314067,0.9961753553133587,0.6946085672082718,0.4801224631584935,0.45985293137240824,0.6708207529648631
282,0.9946284691136974,0.9832495696506444,0.9873662146771266,0.9945926197481686,0.7019940915805022,0.4904375570099443,0.47107485688489686,0.6787936953821296
283,0.9973142345568488,0.9921918207142184,0.994393810345835,0.9966200056072719,0.6986706056129985,0.4871173747404039,0.46533554768165897,0.6757175869595643
284,0.9964189794091316,0.9890907808567928,0.9920210112886038,0.9964712539857954,0.6909158050221565,0.4768047112233947,0.4497936647414087,0.6689209736153077
285,0.9955237242614146,0.9856136790006415,0.9899972863652666,0.995262390187574,0.6920236336779911,0.47254008115319507,0.4474182325202492,0.6713598474337935
286,0.9937332139659804,0.9818349959988247,0.9849039792071616,0.9938141095132221,0.7086410635155096,0.49623432542813256,0.4821979082427814,0.685747989366444
287,0.9964189794091316,0.9888679672586621,0.991032679197958,0.9968875839099557,0.6883308714918759,0.4760900304019751,0.4449957366777482,0.6671679341131942
288,0.9982094897045658,0.9942139295008755,0.9960156616932774,0.9982565437611673,0.6949778434268833,0.4812280290800489,0.4606259469534697,0.6710776939790964
289,0.9973142345568488,0.9914078360380036,0.9940550030380727,0.9970304202945558,0.6938700147710487,0.48058116587286004,0.4533247024054877,0.6723816048079135
290,0.9964189794091316,0.9884485131557009,0.9920756084082464,0.9964455666192865,0.689069423929099,0.4698244975979471,0.44704041600427735,0.666554559162009
291,0.9946284691136974,0.9836310931935884,0.9864840263935949,0.9953048483447656,0.6846381093057607,0.4701131349264743,0.43983132184425133,0.6636440739372134
292,0.9955237242614146,0.9865126033363265,0.9905996688437491,0.9945699718664985,0.6971935007385525,0.4806164022541821,0.45792044364235773,0.6741280804590989
293,0.9973142345568488,0.9922713627220877,0.9949526006822921,0.9966192027010762,0.691285081240768,0.47537975645281205,0.4499342047255125,0.6689140953974023
294,0.9964189794091316,0.9888518508456712,0.9909598660333884,0.9969157648119734,0.6831610044313147,0.4709783299018606,0.43747681785557707,0.66266583308988
295,0.9973142345568488,0.9915409781632027,0.9947044758646518,0.9968257764903878,0.7019940915805022,0.4906547334599418,0.47385186033537124,0.6777711949995499
296,0.9928379588182632,0.9802803641360678,0.9841220620850266,0.9924159912014368,0.7045790251107829,0.48875139046420774,0.4747409251169342,0.6806133492497244
297,0.9919427036705462,0.9764934903837869,0.9802443984804352,0.9926287864545372,0.689069423929099,0.4769969699646279,0.4476462813948964,0.667089371001363
298,0.9946284691136974,0.9844473523714775,0.9892419378274037,0.9933190625224215,0.7001477104874446,0.48267425852807955,0.4645854400902161,0.6776870853294252
299,0.9964189794091316,0.9882587207877144,0.9912086871032181,0.9967920044270377,0.6997784342688331,0.48701722486475657,0.4702429973244989,0.6744911111359689
300,0.9928379588182632,0.9777565939591094,0.9841627679520882,0.992008630366531,0.6949778434268833,0.47683770970838796,0.456089629794638,0.6723660769022471
301,0.9946284691136974,0.9835307632934014,0.9884869630054183,0.9940007707694543,0.6861152141802068,0.4676698897618336,0.44402490570797687,0.6648545513538441
302,0.9928379588182632,0.979260676673769,0.9844386122208437,0.9924186078734973,0.6946085672082718,0.481611503139691,0.45347178930137594,0.6745210271171976
303,0.9964189794091316,0.988566325220095,0.992211761880666,0.9960438668602186,0.7005169867060561,0.48666135829596424,0.46386783827758216,0.6787702636144558
304,0.9919427036705462,0.9763913371590696,0.9825769003175537,0.9913960854808125,0.6916543574593796,0.477290900955079,0.4528978106662684,0.6687471163582271
305,0.9937332139659804,0.9817330713724268,0.9854390526209901,0.9935161978923833,0.691285081240768,0.47270407053303315,0.4545913311412801,0.6678736659572387
306,0.9964189794091316,0.9888894463509311,0.9906738422288702,0.996611455201003,0.6931314623338257,0.47639642836632884,0.45894521033897656,0.6690139480685249
307,0.9928379588182632,0.9784830728833384,0.9845592378433488,0.9919441387436114,0.696824224519941,0.48011331786099076,0.4625071073553058,0.6719860322821505
308,0.9964189794091316,0.9891388755750231,0.9920506168649543,0.9962692748481974,0.6946085672082718,0.4817618844207328,0.4548216089596878,0.6733851840523609
309,0.9973142345568488,0.9913700773762079,0.9941784719824707,0.9972626631221979,0.7001477104874446,0.48937906780058277,0.4678270232052621,0.6766261098730053
310,0.9955237242614146,0.9871464903319888,0.9900334407518983,0.9954235663267573,0.6953471196454948,0.4844198640774777,0.45789396058577136,0.6729411046254602
311,0.9946284691136974,0.9839881232308241,0.9865940334205813,0.9949188314569072,0.6971935007385525,0.48253379716096106,0.4644805657340841,0.6732832334031043
312,0.991047448522829,0.9724466453537222,0.9797001463036529,0.9907198155877895,0.6994091580502215,0.48143075085548465,0.4641566622949914,0.6760402058203239
313,0.9937332139659804,0.9803152142518067,0.9853642169594883,0.9939296283948719,0.6923929098966026,0.47634586918841143,0.44716651254633155,0.6715943351695672
314,0.9973142345568488,0.9913335007937821,0.9937548202763444,0.9971670129804077,0.6957163958641064,0.4815056081693399,0.45520098508441215,0.6740756393628204
315,0.9964189794091316,0.9886148051639817,0.9924170051715345,0.995933760965326,0.698301329394387,0.48693259880979534,0.4650424389621626,0.6744692820933521
316,0.9946284691136974,0.9833390523288731,0.9878297424374674,0.9944808053930528,0.6979320531757754,0.4860762572298134,0.4594007752804745,0.6758123500273551
317,0.9973142345568488,0.9912431949931807,0.9932579533912645,0.9972976889926326,0.6927621861152142,0.47876731074255685,0.4522889901362306,0.6710640664503853
318,0.999104744852283,0.9970830232786205,0.997914048245079,0.9991761780120249,0.6920236336779911,0.47762090244968375,0.44891484995547565,0.6704050428299114
319,0.9946284691136974,0.9833874664700845,0.9879020128493322,0.9943438430245212,0.6971935007385525,0.48186068561286877,0.4578446005751773,0.6752197083676456
320,0.9964189794091316,0.989358833679359,0.992923294872456,0.9958035408042818,0.7019940915805022,0.4901595927694151,0.4649203943407248,0.6800072616085161
321,0.9946284691136974,0.9836169456097306,0.9884485103969216,0.9936105339197406,0.6946085672082718,0.4772862960749874,0.45524054007222586,0.6725681582460653
322,0.9919427036705462,0.97883238925873,0.9829634451147025,0.9908636351080936,0.691285081240768,0.477074675904868,0.44598500189415763,0.6721673436028317
323,0.9937332139659804,0.9806557739527049,0.9863605664780691,0.9929775829083811,0.6971935007385525,0.4798278520054572,0.45989293346908494,0.6741152209958707
324,0.9937332139659804,0.9820214464784598,0.986096871569204,0.993645926676947,0.6971935007385525,0.48148389843336226,0.4572914680582624,0.677137689286174
325,0.9955237242614146,0.9867655732961824,0.9879940288295475,0.9959725545432275,0.6979320531757754,0.481716322217936,0.4561483856220292,0.677151180533797
326,0.9973142345568488,0.9918931038415034,0.9932400014381139,0.9973099486227694,0.6894387001477105,0.4692195763224605,0.44598330621278715,0.6678345049528612
327,0.9964189794091316,0.9884894748817172,0.9918990633104086,0.9961873720105562,0.7049483013293943,0.49167082034274484,0.46805388380694535,0.684610540382273
328,0.9982094897045658,0.9943359537336801,0.9963117661631962,0.9978701791175505,0.6971935007385525,0.4837547522128816,0.4534565541421975,0.6782119827373939
329,0.9946284691136974,0.9841524338512516,0.9879773207948914,0.993895811005949,0.7045790251107829,0.48912362468936255,0.4710790931163695,0.682738344801277
330,0.9973142345568488,0.9911797268732357,0.9933127515122934,0.9976091009299491,0.705317577548006,0.4914777515349299,0.4725345770169943,0.6832105793627236
331,0.9982094897045658,0.9941585462781327,0.9956226853975284,0.9982962089531459,0.6938700147710487,0.4819956881014002,0.454097480006028,0.6729208755077719
332,0.9964189794091316,0.9883015814837403,0.9913481909943633,0.9966876546283648,0.7060561299852289,0.49059053799305863,0.4774306562782303,0.6820049358284809
333,0.9964189794091316,0.9894057170705491,0.9929596052422626,0.9955832435374109,0.705317577548006,0.49618786989863256,0.48016562158236537,0.6805056430432003
334,0.9937332139659804,0.9810311571909306,0.9854582927456627,0.993680216678538,0.6927621861152142,0.47593483021778876,0.45035013082758996,0.6722067746616344
335,0.9964189794091316,0.9883505766405646,0.9915422393512838,0.9965895816099379,0.7031019202363368,0.48779963905364754,0.467249726037456,0.6822850867520165
336,0.9892569382273948,0.9686248229553746,0.9750461069837285,0.9887402766423055,0.6946085672082718,0.47911379328161846,0.45050293818005815,0.6754738106423693
337,0.9964189794091316,0.9896283339269883,0.9912570689808788,0.9965948336048912,0.7001477104874446,0.48575405578368885,0.45895466687562875,0.6802444533964896
338,0.9982094897045658,0.9943473191403897,0.9963570654011956,0.9978609731777583,0.7082717872968981,0.4899928276167002,0.4742829296142546,0.6859399424611354
339,0.9946284691136974,0.9829615948527101,0.9887955571637992,0.993772819934661,0.6923929098966026,0.47895600400977906,0.4494290805433009,0.6716129381669832
340,0.9964189794091316,0.988552943401343,0.9921786010253711,0.9960494206419694,0.6946085672082718,0.47863110802247993,0.4552006515610423,0.6724898716746309
341,0.991047448522829,0.9739456338321772,0.9795934012176084,0.9909394672663204,0.6960856720827179,0.47677978258928194,0.4553026936450271,0.6750204202462582
342,0.9955237242614146,0.9873009460171329,0.9907126094750837,0.9950853731699321,0.7012555391432792,0.4820420498131696,0.4595746071637314,0.6799775614246922
343,0.9973142345568488,0.9919899461608528,0.9938758380770347,0.9972689944654407,0.7008862629246676,0.47803033520284954,0.4604445714232695,0.6791811562264316
344,0.9964189794091316,0.9886348919044925,0.9926388621896906,0.9959332673042803,0.7056868537666174,0.4924943267759822,0.47102121577756,0.6842532889170243
345,0.9946284691136974,0.9835923603168978,0.9885103160682552,0.9937211597574901,0.6909158050221565,0.4726227913184843,0.44961378320666007,0.6679180572156659
346,0.9964189794091316,0.9886936341450948,0.9925355920498317,0.9956494635617029,0.7060561299852289,0.4970403444236385,0.46714129761813483,0.6858483414484537
347,0.991047448522829,0.9737812748137588,0.9786054262783401,0.9912135227237785,0.6938700147710487,0.4736291448442873,0.4464263098372309,0.674096859258921
348,0.9955237242614146,0.9859794074280896,0.9889275400246553,0.9959648774349473,0.7008862629246676,0.4829397891427285,0.46086394757396343,0.6798673702192192
349,1.0,1.0,1.0,1.0,0.6994091580502215,0.48725622226677484,0.464616331796117,0.6775267002807193
350,0.9892569382273948,0.9686629301440028,0.9760956454744653,0.9883918893299002,0.696824224519941,0.48380910049244447,0.46478748674767284,0.6730085780182071
351,0.9937332139659804,0.9810183543314879,0.985250963458754,0.9935814389565059,0.7005169867060561,0.48268399430988934,0.46862728922587454,0.6755948009364514
352,0.9964189794091316,0.9882338139498597,0.9909656791505687,0.996776671096118,0.6994091580502215,0.4868207153215772,0.46187111343801174,0.6780006537862088
353,0.9937332139659804,0.9819606414463491,0.9868081159054621,0.9932110583991605,0.7001477104874446,0.4869789345680731,0.46870499133289784,0.6754637013401376
354,0.9955237242614146,0.9865849532251832,0.9912487602662251,0.9945721441514123,0.6931314623338257,0.48236866536300993,0.455273497458222,0.6712324357010048
355,0.9946284691136974,0.984113250834362,0.986904518668982,0.9945303707594982,0.7023633677991138,0.49106822143758355,0.46842712332719094,0.6803578307448926
356,0.991047448522829,0.9739840678229863,0.9795687773054875,0.9907930506554855,0.6964549483013294,0.48127843894796973,0.4531066552758535,0.6758386685115246
357,0.990152193375112,0.9720271401327246,0.9747430038605281,0.9911859320060155,0.6920236336779911,0.47224156416227087,0.4530056634066388,0.6686027960548578
358,0.9955237242614146,0.9861432194060389,0.9898505774200946,0.9957314758214052,0.697562776957164,0.48454444768455746,0.460004834646145,0.6751873810958612
359,0.9964189794091316,0.9892307967544648,0.9923840716815169,0.9960668520310975,0.7016248153618907,0.48783424473921444,0.465655393615603,0.6796430592646601
360,0.9919427036705462,0.978020077946161,0.9821506200568891,0.9915575624689764,0.6946085672082718,0.4763653512002445,0.4618946024262811,0.6685427045648898
361,0.991047448522829,0.9746693138879285,0.9781937106707651,0.9917609156406557,0.7023633677991138,0.4901388659600558,0.47171001352976705,0.6783475218611669
362,0.9964189794091316,0.9891229378342804,0.9921664204276353,0.9964152114308151,0.6920236336779911,0.473395217686772,0.4517652085209754,0.6692039720864525
363,0.9964189794091316,0.9889823616919592,0.9914936619169847,0.9966622779270393,0.6927621861152142,0.48166294108416174,0.452057492114248,0.6720201722946607
364,0.9937332139659804,0.983102348770964,0.9863701179111003,0.9937159802605828,0.6931314623338257,0.4726032000132786,0.4509878830919409,0.6700335926376938
365,0.9973142345568488,0.9928108137592391,0.9937788816414944,0.9975277945005896,0.6979320531757754,0.4886245064573298,0.46019302689659625,0.6762978911797971
366,0.9928379588182632,0.9785434307991386,0.984832797256721,0.9917911094475282,0.6857459379615952,0.4728908910062519,0.44021937287883134,0.665409554415221
367,0.9946284691136974,0.984020799387459,0.9877809916287663,0.99436666364484,0.6938700147710487,0.479343096386503,0.455441998902482,0.6710115218464722
368,0.9964189794091316,0.9889663334735407,0.9914208943800068,0.9966901395800016,0.696824224519941,0.4831055456127743,0.457786952587969,0.6751624140199991
369,0.9964189794091316,0.9885520343833452,0.992162285841607,0.9960569649240316,0.6964549483013294,0.4844070513109156,0.45899152578387326,0.6730097085655643
370,0.9955237242614146,0.9855220587571983,0.9896635282180977,0.9954648130046738,0.6868537666174298,0.4714592390496661,0.44889725688647053,0.6636007451666609
371,0.9928379588182632,0.977859924752927,0.9849238714478996,0.9919370174971768,0.6916543574593796,0.4779836207113439,0.45668336664006887,0.667794726195073
372,0.9928379588182632,0.9786045928570267,0.9828502219555417,0.993303784865111,0.6853766617429837,0.47774697634363095,0.44231788953637835,0.6644409214081346
373,0.9964189794091316,0.9894021067039603,0.9930624748774352,0.9956975106384449,0.6927621861152142,0.48233831818903483,0.45370463385915394,0.671843221789313
374,0.9973142345568488,0.9921806027822164,0.9943357193861363,0.9966424280494006,0.6946085672082718,0.4789947130726972,0.4584695587533788,0.6695285775067942
375,0.9919427036705462,0.976404018065769,0.9836247817814453,0.9910240954367199,0.6938700147710487,0.4798285467811163,0.45428664173566413,0.6712250229546078
376,0.9937332139659804,0.9828634611339698,0.9870519353263534,0.9922184627530592,0.6909158050221565,0.4720340814934428,0.4527583581993822,0.667969732256584
377,0.9955237242614146,0.9860528457441443,0.9893423703381902,0.9958384099072315,0.6997784342688331,0.48822485359934925,0.463082011564778,0.6773350813976841
378,0.9946284691136974,0.9826903447693074,0.9878888794290976,0.9944495991782538,0.6894387001477105,0.4719966177422286,0.4464441224373709,0.6668723126056829
379,0.9946284691136974,0.9834858365472077,0.988271526706824,0.9940231721932268,0.6923929098966026,0.4730933523549077,0.4521813086909773,0.6700458878239495
380,0.999104744852283,0.997175701640037,0.9982460279389037,0.9989737551949249,0.6986706056129985,0.48838973905100197,0.4620662361204333,0.676166812710559
381,0.9973142345568488,0.9913165339867954,0.993664731890845,0.9972091143024879,0.6949778434268833,0.4797437211836277,0.4644706712923212,0.6700854088654301
382,0.9919427036705462,0.9775525148663791,0.9831400043674795,0.9914027252498937,0.69903988183161,0.4803035412074268,0.46570908849642745,0.6747543963195766
383,0.9937332139659804,0.9823040246064897,0.9878001417126906,0.9923430972698596,0.6979320531757754,0.4790445367940331,0.4547576731716382,0.6770259630252359
384,0.9973142345568488,0.9919631118933016,0.993930312747622,0.9973864235071336,0.6916543574593796,0.47705524524592824,0.4489420861155683,0.6707585109619926
385,0.9982094897045658,0.9940500478280715,0.9952173969726603,0.9985264934232079,0.6946085672082718,0.4791830515047448,0.4574847991201236,0.6724600202890036
386,0.9919427036705462,0.976040347154542,0.9818826647061645,0.9915040912964157,0.6935007385524372,0.4735987670083534,0.4486641208435486,0.6728515363089921
387,0.9955237242614146,0.9870645919279754,0.9895712732413859,0.9955410506726164,0.6905465288035451,0.47429109446153256,0.44652359096916544,0.6694083466323993
388,0.9946284691136974,0.9832732699076737,0.9877446884899843,0.9947252367139642,0.6997784342688331,0.48318825398247,0.4615205734589256,0.6783720997006336
389,0.9955237242614146,0.9884230343632627,0.9909470387083813,0.9949877856356645,0.6960856720827179,0.48400860510564314,0.4579958061875141,0.6742999681554391
390,0.9937332139659804,0.9803619643297933,0.9853853214345666,0.9937637078023609,0.6894387001477105,0.46701727390674047,0.44216778591442846,0.6693861490141259
391,0.9955237242614146,0.9864918446895895,0.9907155345289987,0.9946857714707288,0.6949778434268833,0.482339263710719,0.45895940618576625,0.6724268018520346
392,0.9973142345568488,0.9914786346231516,0.9944581278515849,0.996941338926901,0.6938700147710487,0.48002190518350885,0.4506420047995743,0.6740514751074607
393,0.9937332139659804,0.9818284630447448,0.983361070312253,0.99477941160031,0.6935007385524372,0.4828072608767273,0.45478440845787377,0.671984548239962
394,0.9928379588182632,0.9790795570792954,0.9832598091333282,0.9925981395781687,0.6938700147710487,0.47607352793020397,0.45237939772109254,0.6727391903885788
395,0.9955237242614146,0.9863311873399705,0.9904014188677445,0.9952287454686302,0.6909158050221565,0.47421408732528403,0.44453223644573553,0.6702021535217216
396,0.991047448522829,0.9727710177159522,0.9781422411058924,0.9913045129567158,0.6994091580502215,0.4844582621715998,0.4567577896908626,0.6802560734646235
397,0.9955237242614146,0.9856661698958734,0.990031126453096,0.9950604772424001,0.6905465288035451,0.48104768084879457,0.4537926539640766,0.6690719509533538
398,0.9955237242614146,0.9866266485371005,0.9913717220013621,0.994488414202677,0.696824224519941,0.4848488820376516,0.4611307902923774,0.6748760038886913
399,0.9964189794091316,0.9897387343601335,0.9920451825693051,0.9965157694008787,0.6979320531757754,0.4809413338616483,0.45497085654517033,0.6770730371448439
